{"cameraMode":{"drawMode":0,"name":"Shaded","section":"Shading Mode"},"sceneLighting":true,"audioPlay":false,"sceneViewState":{"m_AlwaysRefresh":false,"showFog":true,"showSkybox":true,"showFlares":true,"showImageEffects":true,"showParticleSystems":true,"showVisualEffectGraphs":true,"m_FxEnabled":true},"in2DMode":false,"pivot":{"x":3.6800003051757814,"y":1.6100003719329835,"z":-12.630001068115235},"rotation":{"x":0.08963078260421753,"y":0.91036057472229,"z":-0.2834138572216034,"w":0.28790509700775149},"size":0.8660253882408142,"orthographic":false}